order_id,date,customer,category,item,qty,price,discount_code,status,region
ORD-1009,2025-01-01,CUST-029,electronics,Power bank 10000,3,29.90,NONE,P,msk
ORD-1013,2025-01-02,CUST-023,home,Plant pot,3,11.10,SALE10,P,nsk
ORD-1004,2025-01-04,CUST-026,electronics,USB-C cable 2m,1,4.90,SALE10,R,ekb
ORD-1011,2025-01-04,CUST-030,clothing,Cap logo,1,15.10,SALE15,R,spb
ORD-1010,2025-01-06,CUST-056,home,Plant pot,1,11.10,SALE15,P,kra
ORD-1017,2025-01-06,CUST-022,sports,Yoga mat,1,26.15,VIP20,P,msk
ORD-1028,2025-01-06,CUST-044,clothing,Socks pack 5,1,9.05,SALE15,P,msk
ORD-1034,2025-01-07,CUST-024,clothing,Jacket light,5,88.15,SALE10,C,spb
ORD-1030,2025-01-10,CUST-003,home,Desk lamp,2,29.05,VIP20,P,ekb
ORD-1032,2025-01-10,CUST-027,sports,Jump rope,1,8.10,SALE15,P,nsk
ORD-1012,2025-01-11,CUST-011,toys,Blocks set,3,39.10,VIP20,P,msk
ORD-1026,2025-01-11,CUST-031,home,Towel set,2,24.15,SALE5,P,kra
ORD-9013,2025-01-11,CUST-041,books,Clean Code,1,32.50,VIP20,C,nsk
ORD-1002,2025-01-12,CUST-058,home,Plant pot,1,11.10,NONE,P,kra
ORD-1008,2025-01-12,CUST-042,books,Python basics,1,18.75,SALE10,P,kra
ORD-1021,2025-01-12,CUST-010,home,Chair pad,5,18.10,SALE5,P,spb
ORD-1019,2025-01-13,CUST-047,sports,Yoga mat,1,26.15,NONE,P,spb
ORD-1005,2025-01-18,CUST-007,electronics,USB-C cable 2m,2,4.90,VIP20,P,spb
ORD-1006,2025-01-18,CUST-032,clothing,Jacket light,1,88.15,NONE,P,nsk
ORD-1020,2025-01-18,CUST-060,home,Chair pad,2,18.10,NONE,P,ekb
ORD-1024,2025-01-18,CUST-033,toys,Puzzle 500,1,14.15,SALE15,P,ekb
ORD-1014,2025-01-19,CUST-006,home,Shelf wood,1,76.90,SALE5,P,spb
ORD-1025,2025-01-19,CUST-020,clothing,Socks pack 5,4,9.05,SALE15,P,msk
ORD-1031,2025-01-19,CUST-046,books,Clean Code,5,32.50,SALE15,P,msk
ORD-9003,2025-01-19,CUST-031,books,Free sample,1,0.00,NONE,P,nsk
ORD-1001,2025-01-20,CUST-059,books,Refactoring 2ed,4,41.10,NONE,P,spb
ORD-1015,2025-01-21,CUST-028,clothing,Socks pack 5,2,9.05,SALE10,C,kra
ORD-1029,2025-01-21,CUST-054,books,Algorithms intro,2,62.30,VIP20,P,ekb
ORD-1022,2025-01-23,CUST-053,sports,Jump rope,5,8.10,NONE,P,spb
ORD-1027,2025-01-23,CUST-029,toys,Blocks set,1,39.10,NONE,P,kra
ORD-1023,2025-01-24,CUST-008,books,Algorithms intro,1,62.30,SALE10,P,ekb
ORD-1003,2025-01-26,CUST-046,clothing,Cap logo,3,15.10,NONE,P,msk
ORD-1018,2025-01-27,CUST-045,toys,Toy car,1,6.05,SALE15,P,kra
ORD-1033,2025-01-27,CUST-060,clothing,Jacket light,1,88.15,NONE,P,kra
ORD-1016,2025-01-30,CUST-057,home,Shelf wood,1,76.90,SALE10,P,nsk
ORD-1007,2025-01-31,CUST-012,electronics,Webcam HD,5,45.15,VIP20,P,spb
ORD-1044,2025-02-01,CUST-025,clothing,Jeans slim,2,59.90,NONE,P,nsk
ORD-1060,2025-02-01,CUST-027,home,Shelf wood,1,76.90,SALE10,P,kra
ORD-1063,2025-02-01,CUST-016,books,Clean Code,1,32.50,NONE,P,msk
ORD-1047,2025-02-02,CUST-044,books,Clean Code,5,32.50,SALE15,P,ekb
ORD-1046,2025-02-03,CUST-039,books,Testing guide,4,27.05,VIP20,P,spb
ORD-1058,2025-02-04,CUST-002,clothing,Cap logo,2,15.10,NONE,P,kra
ORD-1035,2025-02-05,CUST-025,clothing,Socks pack 5,3,9.05,VIP20,P,nsk
ORD-1038,2025-02-06,CUST-009,sports,Dumbbell 5kg,1,33.10,NONE,P,msk
ORD-1062,2025-02-06,CUST-036,toys,Board game,2,42.15,SALE10,P,nsk
ORD-1049,2025-02-07,CUST-056,books,Algorithms intro,4,62.30,VIP20,C,ekb
ORD-9010,2025-02-08,CUST-033, books ,SQL cookbook,1,35.15,SALE15,P,kra
ORD-1066,2025-02-09,CUST-049,sports,Bottle 750ml,1,13.05,NONE,P,ekb
ORD-1061,2025-02-10,CUST-057,home,Mug 350ml,1,7.15,VIP20,R,ekb
ORD-1036,2025-02-11,CUST-012,electronics,Webcam HD,2,45.15,SALE5,R,msk
ORD-1050,2025-02-11,CUST-035,books,Python basics,1,18.75,NONE,P,ekb
ORD-1067,2025-02-12,CUST-012,electronics,Laptop stand,1,34.50,NONE,P,nsk
ORD-1048,2025-02-13,CUST-026,sports,Fitness band,2,16.15,SALE10,P,spb
ORD-1042,2025-02-14,CUST-056,sports,Fitness band,5,16.15,SALE10,P,spb
ORD-1054,2025-02-14,CUST-011,electronics,Keyboard compact,2,55.30,NONE,R,nsk
ORD-9001,2025-02-14,CUST-011,,Gift card,1,50.00,NONE,P,msk
ORD-1055,2025-02-16,CUST-057,home,Shelf wood,3,76.90,SALE15,P,nsk
ORD-1045,2025-02-17,CUST-047,clothing,Jeans slim,2,59.90,NONE,P,nsk
ORD-1037,2025-02-18,CUST-054,electronics,Webcam HD,2,45.15,NONE,P,nsk
ORD-1043,2025-02-19,CUST-031,home,Mug 350ml,2,7.15,SALE5,P,msk
ORD-1052,2025-02-19,CUST-034,books,Python basics,5,18.75,SALE15,R,nsk
ORD-1065,2025-02-20,CUST-013,electronics,Monitor 24,1,189.00,NONE,C,msk
ORD-1039,2025-02-22,CUST-044,sports,Fitness band,3,16.15,NONE,R,nsk
ORD-1056,2025-02-22,CUST-054,electronics,Power bank 10000,1,29.90,SALE15,P,kra
ORD-1068,2025-02-23,CUST-031,books,Refactoring 2ed,2,41.10,NONE,P,ekb
ORD-1041,2025-02-24,CUST-049,electronics,Monitor 24,4,189.00,VIP20,C,ekb
ORD-1051,2025-02-24,CUST-037,home,Shelf wood,3,76.90,VIP20,P,nsk
ORD-1057,2025-02-24,CUST-057,sports,Dumbbell 5kg,1,33.10,NONE,C,kra
ORD-1059,2025-02-24,CUST-035,sports,Backpack 20L,2,49.90,SALE15,P,spb
ORD-1053,2025-02-26,CUST-059,sports,Yoga mat,1,26.15,NONE,P,nsk
ORD-1040,2025-02-27,CUST-040,toys,Toy car,1,6.05,VIP20,P,ekb
ORD-1064,2025-02-28,CUST-046,clothing,Jeans slim,1,59.90,VIP20,P,ekb
ORD-1069,2025-03-01,CUST-009,clothing,T-shirt basic,4,12.10,NONE,P,ekb
ORD-1076,2025-03-02,CUST-031,toys,Toy car,2,6.05,NONE,P,msk
ORD-1080,2025-03-03,CUST-004,clothing,T-shirt basic,2,12.10,VIP20,R,kra
ORD-1100,2025-03-03,CUST-011,sports,Dumbbell 5kg,2,33.10,VIP20,R,msk
ORD-9002,2025-03-03,CUST-022,,Unknown item,2,19.90,SALE10,P,spb
ORD-1099,2025-03-04,CUST-010,clothing,Hoodie grey,1,44.15,VIP20,P,msk
ORD-1071,2025-03-06,CUST-010,home,Desk lamp,3,29.05,NONE,P,ekb
ORD-1094,2025-03-07,CUST-028,books,Testing guide,4,27.05,SALE10,P,nsk
ORD-1090,2025-03-08,CUST-009,clothing,Jeans slim,1,59.90,NONE,P,nsk
ORD-1083,2025-03-09,CUST-007,books,Algorithms intro,2,62.30,SALE5,P,kra
ORD-1098,2025-03-10,CUST-037,electronics,Wireless mouse,4,19.90,NONE,P,nsk
ORD-1097,2025-03-11,CUST-017,home,Plant pot,3,11.10,SALE5,P,nsk
ORD-1101,2025-03-11,CUST-015,toys,Board game,3,42.15,NONE,P,nsk
ORD-1096,2025-03-12,CUST-016,home,Plant pot,1,11.10,NONE,P,msk
ORD-1102,2025-03-12,CUST-022,home,Plant pot,2,11.10,VIP20,P,msk
ORD-1078,2025-03-14,CUST-048,books,Refactoring 2ed,3,41.10,SALE10,P,nsk
ORD-1072,2025-03-15,CUST-028,books,Clean Code,4,32.50,SALE5,P,nsk
ORD-9015,2025-03-15,CUST-060,electronics,Headphones BT,1,100.10,SALE15,P,kra
ORD-1081,2025-03-16,CUST-002,clothing,Cap logo,4,15.10,NONE,P,nsk
ORD-1092,2025-03-17,CUST-048,sports,Dumbbell 5kg,1,33.10,NONE,P,ekb
ORD-1074,2025-03-18,CUST-044,sports,Bottle 750ml,4,13.05,NONE,P,kra
ORD-1077,2025-03-18,CUST-029,books,Clean Code,1,32.50,VIP20,P,ekb
ORD-1086,2025-03-20,CUST-048,home,Mug 350ml,4,7.15,NONE,P,kra
ORD-1084,2025-03-21,CUST-009,clothing,Jeans slim,2,59.90,SALE5,P,nsk
ORD-1075,2025-03-22,CUST-021,books,Algorithms intro,5,62.30,SALE5,P,ekb
ORD-1073,2025-03-23,CUST-036,home,Mug 350ml,1,7.15,NONE,P,kra
ORD-1093,2025-03-24,CUST-041,clothing,Hoodie grey,2,44.15,SALE5,P,msk
ORD-1089,2025-03-25,CUST-032,toys,Toy car,1,6.05,NONE,P,kra
ORD-1095,2025-03-25,CUST-032,electronics,Monitor 24,2,189.00,NONE,R,spb
ORD-1079,2025-03-26,CUST-004,home,Chair pad,3,18.10,NONE,P,ekb
ORD-1087,2025-03-27,CUST-050,home,Desk lamp,1,29.05,SALE15,P,msk
ORD-1070,2025-03-28,CUST-057,electronics,Router mesh,1,120.15,SALE5,P,nsk
ORD-1082,2025-03-28,CUST-043,books,Clean Code,1,32.50,SALE15,P,kra
ORD-9008,2025-03-28,CUST-018,clothing,Jeans slim,two,59.90,SALE5,P,nsk
ORD-1085,2025-03-30,CUST-035,toys,Blocks set,2,39.10,SALE5,P,kra
ORD-1088,2025-03-30,CUST-003,toys,Toy car,1,6.05,NONE,P,nsk
ORD-1091,2025-03-30,CUST-007,electronics,Power bank 10000,1,29.90,SALE5,P,msk
ORD-1127,2025-04-02,CUST-021,electronics,Headphones BT,4,100.10,SALE10,P,kra
ORD-1131,2025-04-02,CUST-010,electronics,Wireless mouse,5,19.90,NONE,P,msk
ORD-1108,2025-04-03,CUST-019,home,Shelf wood,3,76.90,SALE5,P,msk
ORD-1133,2025-04-03,CUST-035,electronics,Webcam HD,1,45.15,SALE15,P,kra
ORD-1135,2025-04-03,CUST-028,clothing,Socks pack 5,1,9.05,NONE,P,ekb
ORD-1116,2025-04-04,CUST-038,books,Algorithms intro,3,62.30,SALE10,P,spb
ORD-9004,2025-04-07,CUST-005,home,Mug 350ml,0,7.15,NONE,P,ekb
ORD-1119,2025-04-08,CUST-009,electronics,SSD 1TB,3,89.99,SALE10,R,spb
ORD-1130,2025-04-09,CUST-032,toys,Doll classic,1,22.10,SALE15,P,msk
ORD-1123,2025-04-10,CUST-005,sports,Dumbbell 5kg,1,33.10,NONE,P,kra
ORD-1124,2025-04-10,CUST-008,books,Clean Code,1,32.50,SALE5,P,kra
ORD-1112,2025-04-12,CUST-054,home,Desk lamp,1,29.05,NONE,P,msk
ORD-1106,2025-04-13,CUST-047,toys,Blocks set,2,39.10,NONE,P,nsk
ORD-1117,2025-04-13,CUST-054,electronics,Wireless mouse,2,19.90,SALE5,R,nsk
ORD-1115,2025-04-15,CUST-009,home,Plant pot,5,11.10,SALE5,P,kra
ORD-1121,2025-04-15,CUST-029,electronics,Keyboard compact,2,55.30,NONE,P,nsk
ORD-1114,2025-04-16,CUST-012,home,Desk lamp,1,29.05,NONE,P,ekb
ORD-1107,2025-04-17,CUST-019,toys,Toy car,1,6.05,SALE15,P,ekb
ORD-1125,2025-04-17,CUST-029,home,Desk lamp,5,29.05,VIP20,P,msk
ORD-1103,2025-04-19,CUST-048,clothing,Cap logo,1,15.10,NONE,P,spb
ORD-1105,2025-04-19,CUST-015,home,Plant pot,2,11.10,NONE,P,nsk
ORD-1111,2025-04-19,CUST-057,toys,Board game,2,42.15,NONE,P,nsk
ORD-1134,2025-04-20,CUST-002,home,Plant pot,1,11.10,NONE,P,ekb
ORD-1136,2025-04-20,CUST-008,home,Chair pad,1,18.10,NONE,P,spb
ORD-1120,2025-04-22,CUST-011,toys,Board game,1,42.15,NONE,P,spb
ORD-1129,2025-04-22,CUST-001,toys,Blocks set,2,39.10,SALE10,P,msk
ORD-1110,2025-04-23,CUST-056,home,Chair pad,1,18.10,SALE15,P,msk
ORD-1109,2025-04-25,CUST-059,sports,Backpack 20L,5,49.90,NONE,P,nsk
ORD-1118,2025-04-25,CUST-007,clothing,Socks pack 5,1,9.05,NONE,R,spb
ORD-1122,2025-04-25,CUST-059,books,Algorithms intro,1,62.30,SALE5,P,kra
ORD-1128,2025-04-26,CUST-053,home,Desk lamp,2,29.05,NONE,P,kra
ORD-1132,2025-04-27,CUST-043,clothing,T-shirt basic,4,12.10,VIP20,P,nsk
ORD-1104,2025-04-28,CUST-024,sports,Yoga mat,3,26.15,NONE,C,spb
ORD-1113,2025-04-28,CUST-006,sports,Dumbbell 5kg,3,33.10,SALE15,P,msk
ORD-1126,2025-04-30,CUST-007,toys,Blocks set,3,39.10,NONE,P,nsk
ORD-9009,2025-04-30,CUST-009,home,Desk lamp,2,,NONE,P,ekb
ORD-1138,2025-05-01,CUST-031,books,Python basics,5,18.75,NONE,P,ekb
ORD-1148,2025-05-01,CUST-022,electronics,Power bank 10000,2,29.90,VIP20,P,spb
ORD-1156,2025-05-02,CUST-001,home,Shelf wood,2,76.90,SALE15,C,kra
ORD-1169,2025-05-02,CUST-051,toys,Toy car,2,6.05,NONE,P,kra
ORD-1137,2025-05-03,CUST-044,toys,Board game,1,42.15,SALE15,P,msk
ORD-1149,2025-05-05,CUST-031,clothing,Jeans slim,5,59.90,SALE5,P,ekb
ORD-1155,2025-05-05,CUST-038,electronics,Webcam HD,1,45.15,SALE15,P,spb
ORD-1168,2025-05-05,CUST-032,electronics,Webcam HD,5,45.15,NONE,P,nsk
ORD-9011,2025-05-05,CUST-026,electronics,Monitor 24,8,189.00,SALE15,P,msk
ORD-1143,2025-05-08,CUST-002,sports,Jump rope,1,8.10,VIP20,P,msk
ORD-1162,2025-05-08,CUST-012,electronics,Laptop stand,3,34.50,SALE10,C,spb
ORD-1147,2025-05-09,CUST-029,clothing,Jacket light,3,88.15,SALE10,P,kra
ORD-1150,2025-05-09,CUST-057,electronics,Headphones BT,3,100.10,SALE5,P,msk
ORD-1145,2025-05-10,CUST-002,home,Plant pot,3,11.10,NONE,P,spb
ORD-1165,2025-05-10,CUST-003,toys,Board game,1,42.15,NONE,P,kra
ORD-1163,2025-05-11,CUST-019,clothing,Jacket light,1,88.15,NONE,P,ekb
ORD-1167,2025-05-11,CUST-060,electronics,Router mesh,2,120.15,NONE,P,msk
ORD-1152,2025-05-14,CUST-014,books,Clean Code,2,32.50,SALE10,P,ekb
ORD-1160,2025-05-14,CUST-010,electronics,Webcam HD,4,45.15,NONE,P,spb
ORD-1141,2025-05-18,CUST-020,toys,Board game,2,42.15,NONE,P,spb
ORD-1161,2025-05-18,CUST-004,books,Testing guide,1,27.05,NONE,P,msk
ORD-1154,2025-05-21,CUST-003,home,Shelf wood,4,76.90,SALE10,P,spb
ORD-9005,2025-05-21,CUST-014,electronics,Webcam HD,1,45.15,PROMO99,P,kra
ORD-1166,2025-05-22,CUST-011,clothing,Hoodie grey,1,44.15,NONE,P,ekb
ORD-1142,2025-05-23,CUST-027,toys,Doll classic,5,22.10,SALE10,P,ekb
ORD-1164,2025-05-23,CUST-025,sports,Backpack 20L,5,49.90,SALE15,P,msk
ORD-1146,2025-05-25,CUST-057,clothing,Socks pack 5,1,9.05,SALE15,P,nsk
ORD-1157,2025-05-25,CUST-043,electronics,Webcam HD,1,45.15,SALE10,P,nsk
ORD-1170,2025-05-25,CUST-022,electronics,Headphones BT,1,100.10,NONE,P,nsk
ORD-1140,2025-05-26,CUST-009,clothing,Cap logo,2,15.10,SALE15,P,kra
ORD-1151,2025-05-26,CUST-040,electronics,SSD 1TB,2,89.99,SALE15,P,msk
ORD-1139,2025-05-27,CUST-024,books,Python basics,1,18.75,VIP20,P,nsk
ORD-1158,2025-05-28,CUST-038,clothing,Jacket light,4,88.15,SALE5,P,msk
ORD-1144,2025-05-29,CUST-013,clothing,Jacket light,1,88.15,NONE,P,msk
ORD-1159,2025-05-29,CUST-019,toys,Doll classic,3,22.10,VIP20,P,nsk
ORD-1153,2025-05-30,CUST-018,books,Clean Code,3,32.50,NONE,P,kra
ORD-1177,2025-06-02,CUST-042,sports,Backpack 20L,5,49.90,SALE15,P,spb
ORD-9006,2025-06-02,CUST-047,sports,Yoga mat,-1,26.15,NONE,P,msk
ORD-1202,2025-06-03,CUST-003,electronics,SSD 1TB,1,89.99,SALE10,P,spb
ORD-1175,2025-06-04,CUST-018,clothing,Cap logo,1,15.10,SALE15,P,spb
ORD-1187,2025-06-04,CUST-046,sports,Dumbbell 5kg,4,33.10,VIP20,P,nsk
ORD-1190,2025-06-04,CUST-016,toys,Board game,5,42.15,SALE15,P,spb
ORD-1176,2025-06-05,CUST-060,clothing,Jeans slim,2,59.90,NONE,C,ekb
ORD-1194,2025-06-05,CUST-024,home,Mug 350ml,2,7.15,SALE5,P,nsk
ORD-1192,2025-06-07,CUST-041,sports,Backpack 20L,1,49.90,SALE15,P,kra
ORD-1182,2025-06-08,CUST-022,sports,Bottle 750ml,1,13.05,VIP20,R,nsk
ORD-1196,2025-06-12,CUST-049,books,Testing guide,1,27.05,VIP20,P,msk
ORD-1185,2025-06-13,CUST-044,home,Towel set,2,24.15,SALE5,P,ekb
ORD-1195,2025-06-13,CUST-050,home,Shelf wood,1,76.90,NONE,P,ekb
ORD-1179,2025-06-15,CUST-002,clothing,Hoodie grey,3,44.15,NONE,P,msk
ORD-1183,2025-06-16,CUST-037,sports,Bottle 750ml,1,13.05,NONE,P,msk
ORD-1200,2025-06-16,CUST-044,clothing,T-shirt basic,1,12.10,NONE,P,kra
ORD-9012,2025-06-17,CUST-002,electronics,Headphones BT,1,100.10,SALE15,R,spb
ORD-1171,2025-06-20,CUST-041,toys,Doll classic,5,22.10,NONE,P,kra
ORD-1178,2025-06-21,CUST-024,electronics,Headphones BT,4,100.10,VIP20,C,nsk
ORD-1189,2025-06-21,CUST-058,home,Mug 350ml,4,7.15,SALE15,R,kra
ORD-1191,2025-06-22,CUST-024,home,Desk lamp,4,29.05,SALE15,P,spb
ORD-1173,2025-06-23,CUST-008,books,SQL cookbook,4,35.15,NONE,P,spb
ORD-1199,2025-06-23,CUST-020,sports,Fitness band,1,16.15,SALE5,P,kra
ORD-1197,2025-06-24,CUST-016,sports,Jump rope,1,8.10,SALE15,P,kra
ORD-1172,2025-06-25,CUST-013,electronics,Keyboard compact,1,55.30,NONE,P,kra
ORD-1180,2025-06-25,CUST-053,electronics,SSD 1TB,1,89.99,VIP20,P,kra
ORD-1201,2025-06-25,CUST-002,toys,Board game,3,42.15,SALE10,P,kra
ORD-1193,2025-06-26,CUST-044,toys,Puzzle 500,3,14.15,SALE10,P,ekb
ORD-1203,2025-06-26,CUST-045,toys,Blocks set,1,39.10,NONE,R,ekb
ORD-1186,2025-06-27,CUST-053,clothing,Socks pack 5,1,9.05,NONE,P,msk
ORD-1204,2025-06-27,CUST-049,clothing,Socks pack 5,5,9.05,NONE,P,msk
ORD-1184,2025-06-28,CUST-047,toys,Board game,2,42.15,NONE,P,kra
ORD-1174,2025-06-29,CUST-015,books,Testing guide,3,27.05,NONE,P,ekb
ORD-1181,2025-06-29,CUST-051,toys,Blocks set,3,39.10,SALE5,P,spb
ORD-1188,2025-06-29,CUST-049,books,Testing guide,2,27.05,VIP20,P,spb
ORD-9014,2025.06.29,CUST-055,toys,Toy car,3,6.05,SALE5,P,ekb
ORD-1198,2025-06-30,CUST-030,sports,Bottle 750ml,5,13.05,VIP20,P,spb
ORD-9007,2025-13-40,CUST-050,toys,Puzzle 500,1,14.15,NONE,P,spb
